"Username","Date Time","Food Product","Quantity","Comments","Images","Voices"
"Sara Zwart","2015-08-26 13:39:00","Bran Chex","1","","",""
"Sara Zwart","2015-08-26 13:39:00","Cheese Grits","1","","",""
"Sara Zwart","2015-08-26 13:39:00","Kellogg's Protein Chewy Bar","1","","",""
"Sara Zwart","2015-08-26 13:39:00","Milk (NASA)","1","","",""
"Sara Zwart","2015-08-26 13:40:00","Drinking Water","1","","",""
"Sara Zwart","2015-08-26 13:40:00","Drinking Water","1","","",""
"Sara Zwart","2015-08-26 13:40:00","Drinking Water","1","","",""
"Sara Zwart","2015-08-26 13:40:00","Drinking Water","1","","",""
"Sara Zwart","2015-08-26 13:40:00","Belvita Soft Baked Cinnamon","1","","",""
"Sara Zwart","2015-08-26 13:40:00","Apple Dessert","1","","",""
"Sara Zwart","2015-08-26 13:40:00","Bread Pudding","1","","",""
