"Username","Date Time","Food Product","Quantity","Comments","Images","Voices"
"Jack O'Neil","2015-05-05 03:46:00 +0000","Strawberry Tea wtih Sugar","0.75","Fhyfuy iut ihtiu yit iugi. Iug uit g iugk gkuk g hfi gi t uigougou iy ougoi tig kubk ugk gigh goy ou o houy ouly","",""
"Jack O'Neil","2015-05-05 00:40:00 +0000","Strawberry Breakfast Drink","1","Fhyfuy iut ihtiu yit iugi. Iug uit g iugk gkuk g hfi gi t uigougou iy ougoi tig kubk ugk gigh goy ou o houy ouly","",""
"Jack O'Neil","2015-05-05 01:20:00 +0000","Stewed Eggplant w/ Potatoes","6","","",""
"Jack O'Neil","2015-05-05 02:40:00 +0000","Stewed Chicken w/TomaChakhokhbili Soup","2.5","","",""
"Jack O'Neil","2015-05-05 02:20:00 +0000","Stewed Cabbage","2","Fhyfuy iut ihtiu yit iugi. Iug uit g iugk gkuk g hfi gi t uigougou iy ougoi tig kubk ugk gigh goy ou o houy ouly","",""
"Jack O'Neil","2015-05-05 03:00:00 +0000","Start Biscuit","3.5","","",""
"Jack O'Neil","2015-05-05 02:40:00 +0000","Split Pea Soup","6.25","","",""
"Jack O'Neil","2015-05-05 02:30:00 +0000","Stelutsa Dessert","2.5","Fhyfuy iut ihtiu yit iugi. Iug uit g iugk gkuk g hfi gi t uigougou iy ougoi tig kubk ugk gigh goy ou o houy ouly","",""
"Jack O'Neil","2015-05-05 03:46:00 +0000","Spicy Green Beans","1","","",""
"Jack O'Neil","2015-05-05 03:46:00 +0000","Spicy Chicken & Vegetables","1","","",""
"Jack O'Neil","2015-05-05 03:46:00 +0000","Special K Almond Honey Oat Granola Bar","1","","",""
"Jack O'Neil","2015-05-05 03:46:00 +0000","Spaghetti w/ Meat Sauce","1","","",""
"Jack O'Neil","2015-05-05 03:46:00 +0000","Space Bread Unrefined Sugar","1","","",""
"Jack O'Neil","2015-05-05 03:46:00 +0000","Space Bread Tropical","1","","",""
"Jack O'Neil","2015-05-05 03:46:00 +0000","Space Bread Sweet Potato","1","","",""
"Jack O'Neil","2015-05-05 03:46:00 +0000","Southwestern Corn","1","","",""
"Jack O'Neil","2015-05-05 03:46:00 +0000","Soup with Wakame Seaweed","1","","",""
"Jack O'Neil","2015-05-05 03:46:00 +0000","Smoked Turkey","1","","",""
"Jack O'Neil","2015-05-05 03:46:00 +0000","Smoked Salmon Jerky","1","","",""
"Jack O'Neil","2015-05-05 03:46:00 +0000","Smoked Salmon","1","","",""
"Jack O'Neil","2015-05-05 03:46:00 +0000","Skim Milk w/Tea","1","","",""
"Jack O'Neil","2015-05-05 03:46:00 +0000","Shrimp Fried Rice","1","","",""
"Jack O'Neil","2015-05-05 03:46:00 +0000","Shrimp Cocktail","1","","",""
"Jack O'Neil","2015-05-05 03:46:00 +0000","Shredded Chicken Parmentier","1","","",""
"Jack O'Neil","2015-05-05 03:46:00 +0000","Shortbread Cookies","1","","",""
"Jack O'Neil","2015-05-05 03:46:00 +0000","Semolina Cake with Dried Apricots","1","","",""
"Jack O'Neil","2015-05-05 03:46:00 +0000","Seasoned Scrambled Eggs","1","","",""
"Jack O'Neil","2015-05-05 03:46:00 +0000","Scrambled Eggs","1","","",""
"Jack O'Neil","2015-05-05 03:46:00 +0000","Sausage Stuffing","1","","",""
"Jack O'Neil","2015-05-05 03:46:00 +0000","Sausage Pattie","1","","",""
"Jack O'Neil","2015-05-05 03:46:00 +0000","Sauerkraut Soup","1","","",""
"Jack O'Neil","2015-05-05 03:46:00 +0000","Sardines w/ Tomato sauce","1","","",""
"Jack O'Neil","2015-05-05 03:46:00 +0000","Salted Almonds","1","","",""
"Jack O'Neil","2015-05-05 03:46:00 +0000","Salted Almonds","1","","",""
"Jack O'Neil","2015-05-05 03:46:00 +0000","Salmon Pate","1","","",""
"Jack O'Neil","2015-05-05 03:46:00 +0000","Russkoye Cookies","1","","",""
"Jack O'Neil","2015-05-05 03:46:00 +0000","Rye Croutons Salted","1","","",""
"Jack O'Neil","2015-05-05 03:46:00 +0000","Rossiyskiy Cheese","1","","",""
"Jack O'Neil","2015-05-05 03:50:00 +0000","Almonds, Emerald 100 Calorie Pack","1","","",""
"Jack O'Neil","2015-05-05 03:50:00 +0000","Almonds, Unsalted","1","","",""
"Jack O'Neil","2015-05-05 03:50:00 +0000","Appetizing Appetizer","1","","",""
"Jack O'Neil","2015-05-05 03:50:00 +0000","Apple Apricot Bar","1","","",""
"Jack O'Neil","2015-05-05 03:50:00 +0000","Apple Apricot Juice w/Pulp Russian","1","","",""
"Jack O'Neil","2015-05-05 03:50:00 +0000","Apple Black Currant Juice with Pulp","1","","",""
"Jack O'Neil","2015-05-05 03:50:00 +0000","Apple Cider","1","","",""
"Jack O'Neil","2015-05-05 03:50:00 +0000","Apple Cranberry Drink","1","","",""
"Jack O'Neil","2015-05-05 03:50:00 +0000","Apple Cranberry Sauce","1","","",""
"Jack O'Neil","2015-05-05 03:50:00 +0000","Apple Dessert","1","","",""
"Jack O'Neil","2015-05-05 03:50:00 +0000","Apple Jam","1","","",""
"Jack O'Neil","2015-05-05 03:50:00 +0000","Apple Jelly","1","","",""
"Jack O'Neil","2015-05-05 03:50:00 +0000","Arktika Biscuits","1","","",""
"Jack O'Neil","2015-05-05 03:50:00 +0000","Apricot Juice w/Pulp","1","","",""
"Jack O'Neil","2015-05-05 03:46:00 +0000","Spiced Pike Perch","1","","",""
"Jack O'Neil","2015-05-05 03:50:00 +0000","Apricot Bar","1","","",""
"Jack O'Neil","2015-05-05 03:50:00 +0000","Applesauce","1","","",""
"Jack O'Neil","2015-05-05 03:50:00 +0000","Apples w/ Spice","1","","",""
"Jack O'Neil","2015-05-05 03:50:00 +0000","Apple Plum Bar","1","","",""
"Jack O'Neil","2015-05-05 03:50:00 +0000","Apple Peach Juice with Pulp","1","","",""
"Jack O'Neil","2015-05-05 03:50:00 +0000","Apple Peach Juice with Pulp","1","","",""
"Jack O'Neil","2015-05-05 03:50:00 +0000","Apple Nut Bar","1","","",""
"Jack O'Neil","2015-05-05 03:50:00 +0000","Apple Juice w/Sugar","1","","",""
"Jack O'Neil","2015-05-05 03:50:59 +0000","Apple Juice w/Sugar","1","","",""
"Jack O'Neil","2015-05-05 03:50:59 +0000","Apple Nut Bar","1","","",""
"Jack O'Neil","2015-05-05 03:50:59 +0000","Apple Peach Juice with Pulp","1","","",""
"Jack O'Neil","2015-05-05 03:50:59 +0000","Apple Peach Juice with Pulp","1","","",""
"Jack O'Neil","2015-05-05 03:50:59 +0000","Apple Plum Bar","1","","",""
"Jack O'Neil","2015-05-05 01:40:00 +0000","Strawberries","9.75","","",""
"Jack O'Neil","2015-05-05 03:46:00 +0000","Smoked Sockeye Salmon","1","","",""
"Jack O'Neil","2015-05-05 03:46:00 +0000","Seafood Gumbo","1","","",""
"Jack O'Neil","2015-05-05 03:46:00 +0000","Salmon","1","","",""
"Jack O'Neil","2015-05-05 03:50:00 +0000","Apple Fondant","1","","",""
"Jack O'Neil","2015-05-05 03:50:00 +0000","Apricot Cobbler","1","","",""
"Jack O'Neil","2015-05-05 03:50:59 +0000","Apples w/ Spice","1","","",""
"Jack O'Neil","2015-05-05 03:50:59 +0000","Applesauce","1","","",""
"Jack O'Neil","2015-05-05 03:50:59 +0000","Apple Cider","1","","",""
"Jack O'Neil","2015-05-05 03:50:59 +0000","Apple Black Currant Juice with Pulp","1","","",""
"Jack O'Neil","2015-05-05 03:50:59 +0000","Apricot Cobbler","7.5","","",""
"Jack O'Neil","2015-05-05 03:50:59 +0000","Apricot Juice w/Pulp","4.5","","",""
"Jack O'Neil","2015-05-05 03:50:59 +0000","Arktika Biscuits","2.25","","",""
"Jack O'Neil","2015-05-05 03:50:59 +0000","Apple Jelly","1.75","","",""
"Jack O'Neil","2015-05-05 03:50:59 +0000","Apple Jam","0.75","","",""
"Jack O'Neil","2015-05-05 03:50:59 +0000","Apple Fondant","0.75","","",""
"Jack O'Neil","2015-05-05 03:50:59 +0000","Apple Dessert","0.25","","",""
"Jack O'Neil","2015-05-05 03:50:59 +0000","Apple Cranberry Sauce","0","","",""
"Jack O'Neil","2015-05-05 03:50:59 +0000","Apple Cranberry Drink","0.5","","",""
"Jack O'Neil","2015-05-05 03:50:59 +0000","Apple Apricot Juice w/Pulp Russian","1","","",""
"Jack O'Neil","2015-05-05 03:50:59 +0000","Apple Apricot Bar","1","","",""
"Jack O'Neil","2015-05-05 03:50:59 +0000","Appetizing Appetizer","1","","",""
"Jack O'Neil","2015-05-05 03:50:59 +0000","Almonds, Unsalted","1","","",""
"Jack O'Neil","2015-05-05 03:50:59 +0000","Almonds, Emerald 100 Calorie Pack","1","","",""
"Jack O'Neil","2015-05-05 03:50:59 +0000","Rossiyskiy Cheese","1","","",""
"Jack O'Neil","2015-05-05 03:50:59 +0000","Rye Croutons Salted","1","","",""
"Jack O'Neil","2015-05-05 03:50:59 +0000","Russkoye Cookies","1","","",""
"Jack O'Neil","2015-05-05 03:50:59 +0000","Salmon","1","","",""
"Jack O'Neil","2015-05-05 03:50:59 +0000","Salmon Pate","1","","",""
"Jack O'Neil","2015-05-05 03:50:59 +0000","Salted Almonds","1","","",""
"Jack O'Neil","2015-05-05 03:51:07 +0000","Apple Apricot Bar","1","","",""
"Jack O'Neil","2015-05-05 03:51:07 +0000","Appetizing Appetizer","1","","",""
"Jack O'Neil","2015-05-05 03:51:07 +0000","Almonds, Unsalted","1","","",""
"Jack O'Neil","2015-05-05 03:51:07 +0000","Almonds, Emerald 100 Calorie Pack","1","","",""
"Jack O'Neil","2015-05-05 03:51:07 +0000","Rossiyskiy Cheese","1","","",""
"Jack O'Neil","2015-05-05 03:51:07 +0000","Rye Croutons Salted","1","","",""
"Jack O'Neil","2015-05-05 03:51:07 +0000","Russkoye Cookies","1","","",""
"Jack O'Neil","2015-05-05 03:51:07 +0000","Salmon","1","","",""
"Jack O'Neil","2015-05-05 03:51:07 +0000","Salmon Pate","1","","",""
"Jack O'Neil","2015-05-05 03:51:07 +0000","Salted Almonds","1","","",""
"Jack O'Neil","2015-05-05 03:54:00 +0000","Almonds, Emerald 100 Calorie Pack","1","","",""
"Jack O'Neil","2015-05-05 03:54:00 +0000","Almonds, Unsalted","0","","",""
"Jack O'Neil","2015-05-05 03:54:00 +0000","Appetizing Appetizer","0","","",""
"Jack O'Neil","2015-05-05 03:54:00 +0000","Apple Apricot Bar","0","","",""
"Jack O'Neil","2015-05-05 06:53:00 +0000","Intake From Photo","1","","20150505065309.jpg",""
"Jack O'Neil","2015-05-05 06:53:00 +0000","Intake From Voice","1","","","20150505065320.aac"
"Jack O'Neil","2015-05-05 01:20:00 +0000","Stewed Pork w/ Sweet Peppers","2","Fhyfuy iut ihtiu yit iugi. Iug uit g iugk gkuk g hfi gi t uigougou iy ougoi tig kubk ugk gigh goy ou o houy ouly","",""
"Jack O'Neil","2015-05-05 03:50:59 +0000","Apricot Bar","4.75","","",""
"Jack O'Neil","2015-05-05 08:24:00 +0000","Drinking Water","1","","",""
"Jack O'Neil","2015-05-05 08:24:00 +0000","Almonds, Emerald 100 Calorie Pack","1","","",""
"Jack O'Neil","2015-05-05 08:24:00 +0000","Almonds, Unsalted","1","","",""
"Jack O'Neil","2015-05-05 08:24:00 +0000","Appetizing Appetizer","1","","",""
"Jack O'Neil","2015-05-05 08:24:00 +0000","Apple Apricot Juice w/Pulp Russian","1","","",""
"Jack O'Neil","2015-05-05 08:24:00 +0000","Apple Black Currant Juice with Pulp","1","","",""
"Jack O'Neil","2015-05-05 08:24:00 +0000","Apple Cider","1","","",""
"Jack O'Neil","2015-05-05 08:24:00 +0000","Tomato-Vegetable Sauce","1","","",""
"Jack O'Neil","2015-05-05 00:00:00 +0000","Couscous Sultana Freeze dried","1","","",""
"Jack O'Neil","2015-05-05 08:24:00 +0000","Dal-Bhat Freeze-dried","1","","",""
"Jack O'Neil","2015-05-05 08:24:00 +0000","Cheesy Palak Freeze Dried","1","","",""
"Jack O'Neil","2015-05-05 08:24:00 +0000","Tadka Tempter Freeze dried","1","","",""
"Jack O'Neil","2015-05-05 08:24:00 +0000","Pike Perch Pilaf","1","","",""
"Jack O'Neil","2015-05-05 08:24:00 +0000","Yuzhniy Cheese","1","","",""
"Jack O'Neil","2015-05-05 10:19:00 +0000","test-barcode-sdg","1","","",""
"Jack O'Neil","2015-05-05 10:19:00 +0000","test-barcode-sdg","1","","",""
"Jack O'Neil","2015-05-05 10:19:00 +0000","test-barcode-sdg","1","","",""
"Jack O'Neil","2015-05-05 10:19:00 +0000","test-barcode-sdg","1","","",""
"Jack O'Neil","2015-05-05 10:19:00 +0000","test-barcode-sdg","1","","",""
"Jack O'Neil","2015-05-05 10:19:00 +0000","test-barcode-sdg","1","","",""
"Jack O'Neil","2015-05-05 10:19:00 +0000","test-barcode-sdg","1","","",""
"Jack O'Neil","2015-05-05 10:19:00 +0000","test-barcode-sdg","1","","",""
"Jack O'Neil","2015-05-05 10:19:00 +0000","test-barcode-sdg","1","","",""
"Jack O'Neil","2015-05-05 10:19:00 +0000","test-barcode-sdg","1","","",""
"Jack O'Neil","2015-05-05 10:20:00 +0000","test-barcode-sdg","1","","",""
"Jack O'Neil","2015-05-05 10:22:00 +0000","test-barcode-sdg","1","","",""
"Jack O'Neil","2015-05-05 10:24:00 +0000","test-barcode-sdg","1","","",""
"Jack O'Neil","2015-05-05 10:25:00 +0000","test-barcode-sdg","1","","",""
"Jack O'Neil","2015-05-05 10:25:00 +0000","test-barcode-sdg","1","","",""
"Jack O'Neil","2015-05-05 10:26:00 +0000","test-barcode-sdg","1","","",""
"Jack O'Neil","2015-05-05 11:06:00 +0000","test-barcode-sdg","1","","",""
"Jack O'Neil","2015-05-05 11:06:00 +0000","test-barcode-sdg","1","","",""
"Jack O'Neil","2015-05-05 11:06:00 +0000","test-barcode-sdg","1","","",""
"Jack O'Neil","2015-05-05 11:06:00 +0000","test-barcode-sdg","1","","",""
"Jack O'Neil","2015-05-05 11:06:00 +0000","test-barcode-sdg","1","","",""
"Jack O'Neil","2015-05-05 11:06:00 +0000","test-barcode-sdg","1","","",""
"Jack O'Neil","2015-05-05 11:06:00 +0000","test-barcode-sdg","1","","",""
"Jack O'Neil","2015-05-05 11:06:00 +0000","test-barcode-sdg","1","","",""
"Jack O'Neil","2015-05-05 11:06:00 +0000","test-barcode-sdg","1","","",""
"Jack O'Neil","2015-05-05 11:06:00 +0000","test-barcode-sdg","1","","",""
"Jack O'Neil","2015-05-05 11:06:00 +0000","test-barcode-sdg","1","","",""
"Jack O'Neil","2015-05-06 06:06:00 +0000","Almonds, Emerald 100 Calorie Pack","9.75","","",""
"Jack O'Neil","2015-05-06 06:06:00 +0000","Almonds, Unsalted","9.25","","",""
"Jack O'Neil","2015-05-06 06:06:00 +0000","Appetizing Appetizer","0.5","","",""
"Jack O'Neil","2015-05-06 06:06:00 +0000","Apple Apricot Bar","0.25","","",""
"Jack O'Neil","2015-05-06 06:06:00 +0000","Apple Apricot Juice w/Pulp Russian","0.25","","",""
