"Username","Date Time","Food Product","Quantity","Comments","Images","Voices"
"Rashid Sial","2015-08-26 12:35:00","Almonds, Emerald 100 Calorie Pack","1","","",""
"Rashid Sial","2015-08-26 12:35:00","Almonds, Unsalted","1","","",""
"Rashid Sial","2015-08-26 12:35:00","Appetizing Appetizer","1","","",""
"Rashid Sial","2015-08-26 12:35:00","Apple Apricot Bar","1","","",""
"Rashid Sial","2015-08-26 12:36:00","Intake From Voice","1","","","20152608123610.aac"
"Rashid Sial","2015-08-26 12:36:00","Intake From Photo","1","","20152608123626.jpg",""
