"Username","Date Time","Food Product","Quantity","Comments","Images","Voices"
"Luke Skywalker","2014-10-13 12:54:00 +0000","Artic Char Jerky Chips","1","","",""
"Luke Skywalker","2014-10-13 12:54:00 +0000","Arktika Biscuits","1","","",""
"Luke Skywalker","2014-10-13 12:54:00 +0000","Baked Beans","1","","",""
"Luke Skywalker","2014-10-13 12:54:00 +0000","Baked Tofu","1","","",""
"Luke Skywalker","2014-10-13 12:54:00 +0000","Borodinskiy Bread","1","","",""
"Luke Skywalker","2014-10-13 12:54:00 +0000","Black Beans","1","","",""
"Luke Skywalker","2014-10-13 12:54:00 +0000","Drinking Water","1","","",""
"Luke Skywalker","2014-10-16 13:37:00 +0000","Drinking Water","1","","",""
"Luke Skywalker","2014-10-16 16:37:00 +0000","Lemonade","1","","",""
"Luke Skywalker","2014-10-16 16:37:00 +0000","Scrambled Eggs","1","","",""
"Luke Skywalker","2014-10-16 16:37:00 +0000","Vanilla Breakfast Drink","1","","",""
