"Username","Date Time","Food Product","Quantity","Comments","Images","Voices"
"Craig Kurtz","2015-05-26 19:22:00","Almonds, Emerald 100 Calorie Pack","1","","",""
"Craig Kurtz","2015-05-26 19:22:00","Almonds, Unsalted","1","","",""
"Craig Kurtz","2015-05-26 19:22:00","Appetizing Appetizer","1","","",""
"Craig Kurtz","2015-05-26 19:22:00","Apple Apricot Bar","1","","",""
"Craig Kurtz","2015-05-26 19:22:00","Apple Apricot Juice w/Pulp Russian","1","","",""
"Craig Kurtz","2015-05-26 19:22:00","Apple Black Currant Juice with Pulp","1","","",""
"Craig Kurtz","2015-05-26 19:22:00","Apple Cider","1","","",""
"Craig Kurtz","2015-05-30 12:09:00","Nature Valley Greek Yogurt Protein Mixed Berry Bar","1","","",""
"Craig Kurtz","2015-05-30 12:09:00","Nature Valley Protein Chewy Bar Peanut Almond Dark Chocolate","1","","",""
"Craig Kurtz","2015-05-30 12:09:00","Nature Valley SoftBaked Oatmeal Square Blueberry","1","","",""
"Craig Kurtz","2015-05-30 12:09:00","Nature's Bounty Vitamin D Tablet","1","","",""
"Craig Kurtz","2015-05-30 12:09:00","Noodle soup w/ meat","1","","",""
"Craig Kurtz","2015-05-30 12:09:00","Noodles & Chicken","1","","",""
"Craig Kurtz","2015-05-30 12:09:00","Nut & Fruit Granola Bar","1","","",""
"Craig Kurtz","2015-05-30 12:09:00","nithya","1","","",""
